model,baseline,gpu_energy,emissions
MagnetMedium,musiccaps,0.0869370539933659,0.030155237993474377
MagnetMedium,songdescriber,0.0866039801164635,0.030041354882160885
